ticker,roic,earnings_yield,rank_roic,rank_ey,score,rank_final
PSSA3,0.7928000000000001,1.8867924528301885,1,1,2,1
WIZC3,0.3281,0.4672897196261682,5,2,7,2
PLPL3,0.2426,0.4273504273504274,9,4,13,3
QUAL3,0.2261,0.4464285714285714,12,3,15,4
LREN3,0.2353,0.29411764705882354,10,8,18,5
ASAI3,0.2118,0.22624434389140272,15,12,27,6
PETR4,0.19690000000000002,0.22831050228310504,19,11,30,7
CURY3,0.3772,0.18050541516245489,3,31,34,8
SEER3,0.1704,0.21231422505307856,27,17,44,9
VLID3,0.1568,0.22172949002217296,31,13,44,10
LEVE3,0.34450000000000003,0.1564945226917058,4,43,47,11
VALE3,0.18109999999999998,0.18832391713747648,22,25,47,12
VTRU3,0.1507,0.24038461538461536,37,10,47,13
CEAB3,0.1493,0.24509803921568626,38,9,47,14
BEEF3,0.1655,0.20449897750511248,29,20,49,15
PCAR3,0.1294,0.31545741324921134,48,5,53,16
CMIN3,0.20329999999999998,0.17006802721088435,18,36,54,17
POMO4,0.1839,0.17793594306049823,21,33,54,18
ANIM3,0.146,0.2178649237472767,42,15,57,19
CSED3,0.14880000000000002,0.20703933747412007,40,18,58,20
TEND3,0.1439,0.2145922746781116,43,16,59,21
UGPA3,0.215,0.14184397163120568,14,54,68,22
PGMN3,0.1278,0.19685039370078738,49,22,71,23
MILS3,0.2065,0.1404494382022472,16,57,73,24
JHSF3,0.13119999999999998,0.18181818181818182,46,28,74,25
TECN3,0.1564,0.15037593984962405,32,46,78,26
EUCA4,0.1191,0.19569471624266144,57,23,80,27
AURA33,0.5655,0.1160092807424594,2,81,83,28
VAMO3,0.1552,0.14836795252225518,35,48,83,29
TGMA3,0.2701,0.11820330969267138,7,78,85,30
SAPR11,0.1183,0.18148820326678766,59,30,89,31
MOVI3,0.1378,0.15015015015015015,45,47,92,32
VBBR3,0.1606,0.1347708894878706,30,63,93,33
CPFE3,0.1557,0.13850415512465375,34,59,93,34
CSUD3,0.1477,0.1440922190201729,41,52,93,35
GOAU4,0.1,0.2976190476190476,87,7,94,36
VULC3,0.1783,0.12391573729863692,24,71,95,37
MDNE3,0.10980000000000001,0.18656716417910446,73,26,99,38
COGN3,0.1024,0.20576131687242796,80,19,99,39
ALLD3,0.0932,0.29940119760479045,97,6,103,40
