ticker,empresa,setor,industria,pl,fwdPE,evEbitda,roe,opMargin,fcfYield,ebitdaYield,debtEquity,divYield,moat,qualityScore,watchlistScore
PGR,Progressive Corporation (The),Financial Services,Insurance - Property & Casualty,11.4407425,13.705254,8.829,0.37903,0.16393,0.11837698904197495,0.11326667984772933,26.174,6.36,8.5,65.7411067193676,76.9870385165251
META,"Meta Platforms, Inc.",Communication Services,Internet Content & Information,22.684772,17.204796,13.132,0.32930002,0.40617,0.016145738155058032,0.07614855075540528,35.608,0.37,9.0,84.92094861660078,75.30499957951392
UNP,Union Pacific Corporation,Industrials,Railroads,22.678043,20.050037,15.252,0.40686,0.40357,0.024641116630029356,0.06556574818620337,162.246,2.03,8.0,81.36363636363637,74.1097678916828
SPGI,S&P Global Inc.,Financial Services,Financial Data & Stock Exchanges,26.11424,18.549622,17.486,0.13939999,0.44282,0.04338678505174772,0.05718707502848168,38.392,0.95,9.5,78.98221343873517,74.05120469262468
MCD,McDonald's Corporation,Consumer Cyclical,Restaurants,22.38097,19.111557,16.53,,0.44252998,0.030833006724936208,0.06049674052299219,,2.75,9.0,82.3913043478261,74.03307123034227
CNI,Canadian National Railway Compa,Industrials,Railroads,22.557116,19.462969,10.505,0.21846001,0.38411,0.03556276314730285,0.09519706683245324,105.664,2.2,8.0,72.33201581027669,73.82432091497772
PEP,"Pepsico, Inc.",Consumer Defensive,Beverages - Non-Alcoholic,22.015724,15.400488,12.148,0.43879002,0.16961999,0.04569640984921168,0.08232009469983344,244.837,4.37,8.5,68.03359683794467,72.89205071062148
AAPL,Apple Inc.,Technology,Consumer Electronics,35.704243,30.65485,26.667,1.4147099,0.32275,0.023366519545821435,0.03749902759133544,79.548,0.37,10.0,88.68577075098814,70.67766588175932
CB,Chubb Limited,Financial Services,Insurance - Property & Casualty,12.406471,12.001378,10.762,0.15433,0.20641,0.09275703929043064,0.09292320860013578,31.458,1.2,8.0,57.173913043478265,69.55666049953746
CRM,"Salesforce, Inc.",Technology,Software - Application,19.092121,10.620496,12.332,0.16908,0.218,0.12266703271159522,0.08109270320717925,124.282,1.12,7.5,57.12450592885375,69.1522054494996
PG,Procter & Gamble Company (The),Consumer Defensive,Household & Personal Products,21.480236,20.741587,14.662,0.31112,0.23047,0.03727364612467116,0.06820260050680213,67.651,2.9,8.5,69.55533596837945,69.04075561348921
QCOM,QUALCOMM Incorporated,Technology,Semiconductors,19.948332,16.900587,15.404,0.36083,0.22059,0.04909516003916177,0.06491720968487175,55.979,1.99,7.0,64.07114624505928,68.08241527205449
LLY,Eli Lilly and Company,Healthcare,Drug Manufacturers - General,42.263924,26.793154,30.586,1.07459,0.49386,0.008618474596407518,0.03269477381971298,139.015,0.58,8.5,91.40316205533597,67.60354469767051
GOOG,Alphabet Inc.,Communication Services,Internet Content & Information,27.281084,24.544899,26.346,0.38884997,0.36121,0.006397744967782734,0.03795686260685959,20.026,0.25,10.0,89.46640316205533,66.71699184257001
GOOGL,Alphabet Inc.,Communication Services,Internet Content & Information,27.503048,24.763475,26.649,0.38884997,0.36121,0.0063412748200786535,0.03752467739122587,20.026,0.25,10.0,89.46640316205533,65.97231099150618
ASML,ASML Holding N.V. - New York Re,Technology,Semiconductor Equipment & Materials,63.76019,38.191288,3352.417,0.52236,0.36020002,0.011394118926052686,0.00029829221923899894,12.989,0.44,10.0,89.68379446640317,64.62425363720462
AVGO,Broadcom Inc.,Technology,Semiconductors,61.68885,19.114983,43.78,0.37280998,0.48988,0.015427556944634139,0.022841265073204706,74.018,0.69,8.5,86.15612648221344,64.56531200067278
CP,Canadian Pacific Kansas City Li,Industrials,Railroads,27.428572,20.747345,12.616,0.08428001,0.37557,0.02481407394066654,0.07926610049175488,51.291,0.79,8.0,63.06324110671937,64.44855352787823
KO,Coca-Cola Company (The),Consumer Defensive,Beverages - Non-Alcoholic,25.718554,23.47796,22.889,0.43372002,0.35055,0.00887877409058134,0.043688980864001546,124.943,2.61,9.0,82.25296442687747,64.26229921789589
WM,"Waste Management, Inc.",Industrials,Waste Management,32.609264,24.366796,14.649,0.29936,0.1752,0.023613872439928213,0.06826613290828855,228.408,1.59,8.5,63.231225296442695,62.69604112353881
CI,The Cigna Group,Healthcare,Healthcare Plans,11.757203,8.294666,7.185,0.16268998,0.054780003,0.09432416349579244,0.13918008891740857,72.805,2.26,7.0,42.865612648221344,62.11796737028004
CSX,CSX Corporation,Industrials,Railroads,29.478527,21.977468,16.097,0.23684,0.36157,0.01265490246974137,0.062122959150516834,143.06,1.18,8.0,70.19762845849803,62.011437221427975
KLAC,KLA Corporation,Technology,Semiconductor Equipment & Materials,77.427765,53.902786,67.571,0.94975996,0.41215,0.0080950556036835,0.014799294104086702,105.4,0.3,8.0,86.699604743083,61.939849465982675
RSG,"Republic Services, Inc.",Industrials,Waste Management,30.995695,26.800476,15.308,0.18346001,0.20204,0.027214325910655986,0.06532366855262325,117.578,1.17,8.5,60.87944664031622,61.16738499705661
ORCL,Oracle Corporation,Technology,Software - Infrastructure,24.900515,13.295076,18.468,0.53376,0.36202,-0.058678181246561344,0.05414677044007812,388.87,1.36,8.0,79.9209486166008,61.07095702632244
DG,Dollar General Corporation,Consumer Defensive,Discount Stores,16.320368,14.408771,11.76,0.1891,0.05919,0.07396406680922198,0.08503468057340892,178.649,2.05,6.5,44.1600790513834,60.35298755361198
MDT,Medtronic plc.,Healthcare,Medical Devices,21.396782,12.460285,11.945,0.098409995,0.22045,0.04527561770132226,0.0837200899276754,58.214,3.68,7.0,48.51778656126483,60.206774030779584
LOW,"Lowe's Companies, Inc.",Consumer Cyclical,Home Improvement Retail,19.081924,16.763294,13.13,,0.11067,0.0380178727482929,0.07616068643487475,,2.27,7.5,52.71739130434783,59.95779370952821
JNJ,Johnson & Johnson,Healthcare,Drug Manufacturers - General,29.33372,19.899757,18.77,0.26416,0.27408,0.02053108499031081,0.05327513124047038,67.73,2.11,8.0,67.43083003952567,59.84067782356402
ELV,"Elevance Health, Inc.",Healthcare,Healthcare Plans,16.87537,13.611078,9.237,0.12086,0.05303,0.0497237278499005,0.10826165014398162,72.299,1.78,7.5,41.51185770750988,59.0039841056261
HSY,The Hershey Company,Consumer Defensive,Confectioners,33.44693,18.108147,17.867,0.23234,0.21343,0.04191950092875512,0.05596907524573643,120.011,3.31,7.5,56.808300395256914,58.89348036329997
LIN,Linde plc,Basic Materials,Specialty Chemicals,35.15828,26.93506,19.422,0.18229,0.28471002,0.019125660342988873,0.05148791904927818,65.642,1.23,8.5,66.29446640316206,57.98502018333194
ABT,Abbott Laboratories,Healthcare,Medical Devices,26.207283,15.443836,15.798,0.123339996,0.13472,0.0389111949538206,0.06329869360216792,64.773,2.78,8.0,51.87747035573123,57.177802539735936
LRCX,Lam Research Corporation,Technology,Semiconductor Equipment & Materials,74.58601,49.13464,68.923,0.66762,0.35042998,0.00882066960272995,0.014508891857571798,35.282,0.24,7.5,77.65810276679842,56.435213606929615
SYK,Stryker Corporation,Healthcare,Medical Devices,36.85805,19.019934,19.22,0.152,0.17824,0.03575388284490326,0.052028220983513396,66.295,1.12,8.5,57.69762845849803,56.12047977461946
TXN,Texas Instruments Incorporated,Technology,Semiconductors,51.02397,31.125992,32.339,0.32347,0.37824002,0.003939127974072883,0.030922312247108313,83.741,1.91,8.0,76.6403162055336,55.40131191657556
NOW,"ServiceNow, Inc.",Technology,Software - Application,62.81548,20.993935,34.5,0.1607,0.13342,0.04693504245113731,0.02898514180714544,20.728,,8.5,55.12845849802371,53.705838449247324
ISRG,"Intuitive Surgical, Inc.",Healthcare,Medical Instruments & Supplies,49.557716,34.60605,35.117,0.17232999,0.30868,0.01560474491286637,0.02847659942987533,,,8.5,68.2312252964427,53.658807080985625
BRK-B,Berkshire Hathaway Inc. New,Financial Services,Insurance - Diversified,14.944311,23.369572,-2.25,0.10499,0.14352,0.056568482654247784,-0.44444529807189626,17.669,,9.0,57.03557312252965,53.26993104028257
AMAT,"Applied Materials, Inc.",Technology,Semiconductor Equipment & Materials,62.478836,40.486732,61.785,0.39692003,0.31896,0.005765841048421816,0.016185049996586306,30.399,0.29,7.5,73.4090909090909,52.18399419729207
AMZN,"Amazon.com, Inc.",Consumer Cyclical,Internet Retail,32.224434,24.558374,17.043,0.24285,0.1314,0.0037570214157716083,0.05867596527853301,53.3,,9.0,61.976284584980235,51.82713817172652
UNH,UnitedHealth Group Incorporated,Healthcare,Healthcare Plans,31.708647,20.148796,20.107,0.121759996,0.080469996,0.04618300688014092,0.04973376259622008,73.982,2.23,8.0,45.98814229249012,51.115696745437724
COST,Costco Wholesale Corporation,Consumer Defensive,Discount Stores,46.562466,41.01492,29.964,0.29152,0.036730003,0.016898258568555008,0.03337337620600962,60.257,0.63,9.0,57.66798418972332,49.02674291480952
MDLZ,"Mondelez International, Inc.",Consumer Defensive,Confectioners,29.366337,17.51992,18.098,0.101610005,0.093059994,0.037395215170143575,0.05525523225692796,83.793,3.46,7.5,43.42885375494071,48.70747834496678
MMC,,,,,,,,,,,,,8.5,67.5,45.55053191489362
WMT,Walmart Inc.,Consumer Defensive,Discount Stores,37.792255,32.6651,21.696,0.24132,0.042150002,0.0080340983516497,0.046092021777132355,74.816,0.87,8.5,54.45652173913042,45.449930619796476
APD,"Air Products and Chemicals, Inc",Basic Materials,Specialty Chemicals,31.867895,21.28341,21.991,0.12353,0.23595,-0.05220222894633059,0.04547255182430647,101.611,2.47,7.5,55.70158102766799,43.09432554032462
TSLA,"Tesla, Inc.",Consumer Cyclical,Auto Manufacturers,370.69,158.19,135.5,4.9,,,,,,,,
NVDA,NVIDIA Corporation,Technology,Semiconductors,32.26,16.49,30.6,114.29,,,,,0.47,,,
TTWO,"Take-Two Interactive Software, Inc.",Communication Services,Electronic Gaming & Multimedia,,,,,,,,,,,,
