rank,ticker,empresa,setor,industria,pl,ev_ebitda,roe_pct,margem_operacional_pct,fcf_yield_pct,dividend_yield_pct,score_qualidade,score_perenidade,score_seguranca,score_valuation,score_total,fonte_dados,data_base,observacoes
1,ZTS,Zoetis Inc.,Healthcare,Drug Manufacturers - Specialty & Generic,11.2767,8.946520553161493,64.91,,,3.04,,,,,62.259158576051775,yfinance,2026-10-04,
2,ALL,Allstate Corporation (The),Financial Services,Insurance - Property & Casualty,4.4801764,3.5252066965147866,46.11,,,1.93,,,,,60.94792390869043,yfinance,2026-10-04,
3,AMP,"Ameriprise Financial, Inc.",Financial Services,Asset Management,11.961744,,63.43,,,1.39,,,,,60.85615984405458,yfinance,2026-10-04,
4,SPG,"Simon Property Group, Inc.",Real Estate,REIT - Retail,14.181369,18.51450978496034,120.51,,,4.43,,,,,60.72824982357092,yfinance,2026-10-04,
5,LVS,Las Vegas Sands Corp.,Consumer Cyclical,Resorts & Casinos,14.042636,7.693254722921254,122.87,,,3.31,,,,,60.627674418604656,yfinance,2026-10-04,
6,MU,"Micron Technology, Inc.",Technology,Semiconductors,14.451332,10.807958966466636,88.26,,,0.06,,,,,60.01866630814735,yfinance,2026-10-04,
7,WDC,Western Digital Corporation,Technology,Computer Hardware,15.432553,29.856267204638584,130.85,,,0.14,,,,,59.97406911928651,yfinance,2026-10-04,
8,LII,"Lennox International, Inc.",Industrials,Building Products & Equipment,15.821491,12.202398742740009,71.76,,,1.53,,,,,59.75873889875666,yfinance,2026-10-04,
9,EXPE,"Expedia Group, Inc.",Consumer Cyclical,Travel Services,16.666668,10.944680434920102,89.49,,,0.72,,,,,59.744905660377356,yfinance,2026-10-04,
10,MAS,Masco Corporation,Industrials,Building Products & Equipment,15.751152,11.055525687002651,5862.5,,,1.87,,,,,59.71138248847926,yfinance,2026-10-04,
11,JBL,Jabil Inc.,Technology,Electronic Components,31.253595,13.58250640178006,66.37,,,0.11,,,,,59.672915811088295,yfinance,2026-10-04,
12,TPR,"Tapestry, Inc.",Consumer Cyclical,Luxury Goods,16.269972,13.025077372472213,197.14,,,1.57,,,,,59.613581267217626,yfinance,2026-10-04,
13,GEV,GE Vernova Inc.,Industrials,Specialty Industrial Machinery,28.329512,65.0578047599441,82.58,,,0.2,,,,,59.45386819484241,yfinance,2026-10-04,
14,HAS,"Hasbro, Inc.",Consumer Cyclical,Leisure,16.017889,11.65530135820588,159.56,,,3.13,,,,,59.37211091234347,yfinance,2026-10-04,
15,HON,Honeywell International Inc.,Industrials,Conglomerates,8.230385,11.031602045112782,46.58,,,1.31,,,,,59.04015384615384,yfinance,2026-10-04,
16,FIX,"Comfort Systems USA, Inc.",Industrials,Engineering & Construction,42.551342,29.549886738273184,55.29,,,0.21,,,,,58.8570376754494,yfinance,2026-10-04,
17,GOOG,Alphabet Inc.,Communication Services,Internet Content & Information,17.068707,23.439169230431528,48.68,,,0.26,,,,,58.84135205616851,yfinance,2026-10-04,
18,COR,"Cencora, Inc.",Healthcare,Medical Distribution,22.943577,12.766849617569934,96.87,,,0.78,,,,,58.77652561247216,yfinance,2026-10-04,
19,NVDA,NVIDIA Corporation,Technology,Semiconductors,29.576487,27.896345759002017,117.21,,,0.43,,,,,58.761554993678885,yfinance,2026-10-04,
20,CLX,Clorox Company (The),Consumer Defensive,Household & Personal Products,16.717257,13.457072056140351,163.76,,,6.22,,,,,58.66,yfinance,2026-10-04,
