rank,ticker,empresa,setor,industria,pl,ev_ebitda,roic_proxy_pct,earnings_yield_pct,ebitda_yield_pct,fcf_yield_pct,rank_qualidade,rank_preco,rank_fcf,score_total,fonte_dados,fonte_universo,data_base,filtro_metodologico,criterio_filtro,risco_estrutural_status,observacoes
1,GDDY,GoDaddy Inc.,Technology,Software - Infrastructure,14.444279,,442.86,6.923156219843165,,,2.0,62.0,,0.015624999999755858,yfinance,universo amplo IA em Loop; filtro explícito pré-Top 20,2026-10-04,aprovado,"exclui bancos, utilities e REITs antes do Top 20",revisao_editorial_obrigatoria,Ranking quantitativo; não equivale a recomendação de aporte.
2,ALL,Allstate Corporation (The),Financial Services,Insurance - Property & Casualty,4.4801764,,46.11,22.320549699784138,,,67.0,2.0,,0.014492753622978366,yfinance,universo amplo IA em Loop; filtro explícito pré-Top 20,2026-10-04,aprovado,"exclui bancos, utilities e REITs antes do Top 20",revisao_editorial_obrigatoria,Ranking quantitativo; não equivale a recomendação de aporte.
3,LVS,Las Vegas Sands Corp.,Consumer Cyclical,Resorts & Casinos,14.042636,,122.87,7.1211701278876705,,,13.0,60.0,,0.013698630136798649,yfinance,universo amplo IA em Loop; filtro explícito pré-Top 20,2026-10-04,aprovado,"exclui bancos, utilities e REITs antes do Top 20",revisao_editorial_obrigatoria,Ranking quantitativo; não equivale a recomendação de aporte.
4,ZTS,Zoetis Inc.,Healthcare,Drug Manufacturers - Specialty & Generic,11.2767,,64.91,8.867842542587814,,,44.0,35.0,,0.012658227847941034,yfinance,universo amplo IA em Loop; filtro explícito pré-Top 20,2026-10-04,aprovado,"exclui bancos, utilities e REITs antes do Top 20",revisao_editorial_obrigatoria,Ranking quantitativo; não equivale a recomendação de aporte.
5,HON,Honeywell International Inc.,Industrials,Conglomerates,8.230385,,46.58,12.150099904196463,,,65.0,15.0,,0.012499999999843749,yfinance,universo amplo IA em Loop; filtro explícito pré-Top 20,2026-10-04,aprovado,"exclui bancos, utilities e REITs antes do Top 20",revisao_editorial_obrigatoria,Ranking quantitativo; não equivale a recomendação de aporte.
6,AMP,"Ameriprise Financial, Inc.",Financial Services,Asset Management,11.961744,,63.43,8.359984965403038,,,45.0,42.0,,0.0114942528734311,yfinance,universo amplo IA em Loop; filtro explícito pré-Top 20,2026-10-04,aprovado,"exclui bancos, utilities e REITs antes do Top 20",revisao_editorial_obrigatoria,Ranking quantitativo; não equivale a recomendação de aporte.
7,MAS,Masco Corporation,Industrials,Building Products & Equipment,15.751152,,5862.5,6.348741984078371,,,1.0,88.0,,0.011235955056053529,yfinance,universo amplo IA em Loop; filtro explícito pré-Top 20,2026-10-04,aprovado,"exclui bancos, utilities e REITs antes do Top 20",revisao_editorial_obrigatoria,Ranking quantitativo; não equivale a recomendação de aporte.
8,MU,"Micron Technology, Inc.",Technology,Semiconductors,14.451332,,88.26,6.919777360315297,,,30.0,63.0,,0.01075268817192739,yfinance,universo amplo IA em Loop; filtro explícito pré-Top 20,2026-10-04,aprovado,"exclui bancos, utilities e REITs antes do Top 20",revisao_editorial_obrigatoria,Ranking quantitativo; não equivale a recomendação de aporte.
9,WDC,Western Digital Corporation,Technology,Computer Hardware,15.432553,,130.85,6.4798092707020025,,,12.0,82.0,,0.010638297872227252,yfinance,universo amplo IA em Loop; filtro explícito pré-Top 20,2026-10-04,aprovado,"exclui bancos, utilities e REITs antes do Top 20",revisao_editorial_obrigatoria,Ranking quantitativo; não equivale a recomendação de aporte.
10,ADBE,Adobe Inc.,Technology,Software - Application,13.263951,,61.9,7.539231711576738,,,47.0,50.0,,0.010309278350409182,yfinance,universo amplo IA em Loop; filtro explícito pré-Top 20,2026-10-04,aprovado,"exclui bancos, utilities e REITs antes do Top 20",revisao_editorial_obrigatoria,Ranking quantitativo; não equivale a recomendação de aporte.
11,HAS,"Hasbro, Inc.",Consumer Cyclical,Leisure,16.017889,,159.56,6.243019913547909,,,10.0,94.0,,0.009615384615292159,yfinance,universo amplo IA em Loop; filtro explícito pré-Top 20,2026-10-04,aprovado,"exclui bancos, utilities e REITs antes do Top 20",revisao_editorial_obrigatoria,Ranking quantitativo; não equivale a recomendação de aporte.
12,DVA,DaVita Inc.,Healthcare,Medical Care Facilities,15.156065,,88.48,6.598018680970291,,,29.0,78.0,,0.00934579439243602,yfinance,universo amplo IA em Loop; filtro explícito pré-Top 20,2026-10-04,aprovado,"exclui bancos, utilities e REITs antes do Top 20",revisao_editorial_obrigatoria,Ranking quantitativo; não equivale a recomendação de aporte.
13,TPR,"Tapestry, Inc.",Consumer Cyclical,Luxury Goods,16.269972,,197.14,6.146292077208247,,,7.0,101.0,,0.009259259259173525,yfinance,universo amplo IA em Loop; filtro explícito pré-Top 20,2026-10-04,aprovado,"exclui bancos, utilities e REITs antes do Top 20",revisao_editorial_obrigatoria,Ranking quantitativo; não equivale a recomendação de aporte.
14,DECK,Deckers Outdoor Corporation,Consumer Cyclical,Footwear & Accessories,11.319028,,42.56,8.83468085775563,,,78.0,36.0,,0.008771929824484456,yfinance,universo amplo IA em Loop; filtro explícito pré-Top 20,2026-10-04,aprovado,"exclui bancos, utilities e REITs antes do Top 20",revisao_editorial_obrigatoria,Ranking quantitativo; não equivale a recomendação de aporte.
15,NCLH,Norwegian Cruise Line Holdings ,Consumer Cyclical,Travel Services,9.175758,,36.73,10.898282190964496,,,96.0,18.0,,0.008771929824484456,yfinance,universo amplo IA em Loop; filtro explícito pré-Top 20,2026-10-04,aprovado,"exclui bancos, utilities e REITs antes do Top 20",revisao_editorial_obrigatoria,Ranking quantitativo; não equivale a recomendação de aporte.
16,CLX,Clorox Company (The),Consumer Defensive,Household & Personal Products,16.717257,,163.76,5.981842595349225,,,9.0,107.0,,0.008620689655098096,yfinance,universo amplo IA em Loop; filtro explícito pré-Top 20,2026-10-04,aprovado,"exclui bancos, utilities e REITs antes do Top 20",revisao_editorial_obrigatoria,Ranking quantitativo; não equivale a recomendação de aporte.
17,BMY,Bristol-Myers Squibb Company,Healthcare,Drug Manufacturers - General,13.469164,,46.6,7.424365758706332,,,64.0,52.0,,0.008620689655098096,yfinance,universo amplo IA em Loop; filtro explícito pré-Top 20,2026-10-04,aprovado,"exclui bancos, utilities e REITs antes do Top 20",revisao_editorial_obrigatoria,Ranking quantitativo; não equivale a recomendação de aporte.
18,IT,"Gartner, Inc.",Technology,Information Technology Services,16.618706,,113.58,6.017315668259611,,,17.0,104.0,,0.008264462809849054,yfinance,universo amplo IA em Loop; filtro explícito pré-Top 20,2026-10-04,aprovado,"exclui bancos, utilities e REITs antes do Top 20",revisao_editorial_obrigatoria,Ranking quantitativo; não equivale a recomendação de aporte.
19,DLTR,"Dollar Tree, Inc.",Consumer Defensive,Discount Stores,13.728274,,46.03,7.284236896786879,,,69.0,55.0,,0.008064516128967221,yfinance,universo amplo IA em Loop; filtro explícito pré-Top 20,2026-10-04,aprovado,"exclui bancos, utilities e REITs antes do Top 20",revisao_editorial_obrigatoria,Ranking quantitativo; não equivale a recomendação de aporte.
20,LII,"Lennox International, Inc.",Industrials,Building Products & Equipment,15.821491,,71.76,6.320516821075839,,,38.0,90.0,,0.0078124999999389655,yfinance,universo amplo IA em Loop; filtro explícito pré-Top 20,2026-10-04,aprovado,"exclui bancos, utilities e REITs antes do Top 20",revisao_editorial_obrigatoria,Ranking quantitativo; não equivale a recomendação de aporte.
